Last name;First name;ID;Q. 1 /1.00;Q. 2 /1.00;Q. 3 /1.00;Q. 4 /1.00;Q. 5 /1.00;Q. 6 /1.00;Q. 7 /1.00;Q. 8 /1.00;Q. 9 /1.00;Q. 10 /1.00;;;;;
Smith;Liam;3024498;0.00;0.00;0.00;0.00;0.00;0.00;0.00;0.00;0.00;0.00;;;;;
Wilson;Noah;3024512;1.00;1.00;0.00;1.00;1.00;1.00;1.00;1.00;1.00;0.00;;;;;
Williams;Oliver;3024513;0.00;1.00;0.00;0.00;0.00;1.00;0.00;0.00;0.00;0.00;;;;;
Brown;Sophia;3024514;1.00;0.00;0.00;1.00;0.00;0.00;1.00;1.00;0.00;0.00;;;;;
Jones;Olivia;3024515;0.00;0.00;1.00;0.00;0.00;0.00;0.00;0.00;0.00;1.00;;;;;
Miller;Penelope;3024516;1.00;1.00;1.00;1.00;0.00;1.00;1.00;1.00;0.00;1.00;;;;;
Davis;Zoe;3024517;1.00;1.00;1.00;0.00;1.00;1.00;1.00;0.00;1.00;1.00;;;;;
Garcia;Mateo;3024518;1.00;0.00;0.00;0.00;0.00;0.00;1.00;0.00;0.00;0.00;;;;;
Rodriguez;Luca;3024519;1.00;1.00;0.00;0.00;0.00;1.00;1.00;0.00;0.00;0.00;;;;;
Wilson;Ava;3024520;0.00;0.00;1.00;0.00;0.00;0.00;0.00;0.00;0.00;1.00;;;;;
Martinez;Eliana;3024521;0.00;1.00;1.00;0.00;0.00;1.00;0.00;0.00;0.00;1.00;;;;;
Wilson;Lily;3024522;0.00;0.00;1.00;1.00;0.00;0.00;0.00;1.00;0.00;1.00;;;;;
Taylor;Aria;3024523;0.00;1.00;0.00;0.00;0.00;1.00;0.00;0.00;0.00;0.00;;;;;
Thomas;Aiden;3024524;1.00;0.00;1.00;0.00;0.00;0.00;1.00;0.00;0.00;1.00;;;;;
Moore;Ezra;3024525;0.00;0.00;1.00;0.00;0.00;0.00;0.00;0.00;0.00;1.00;;;;;
Jackson;Sebastian;3024526;1.00;0.00;1.00;0.00;0.00;0.00;1.00;0.00;0.00;1.00;;;;;
Martin;Jack;3024527;1.00;0.00;0.00;0.00;0.00;0.00;1.00;0.00;0.00;0.00;;;;;
Lee;Avery;3024528;1.00;0.00;1.00;1.00;0.00;0.00;1.00;1.00;0.00;1.00;;;;;
Perez;Lucy;3024529;1.00;1.00;0.00;1.00;0.00;1.00;1.00;1.00;0.00;0.00;;;;;
Thompson;Abigail;3024530;0.00;0.00;1.00;0.00;0.00;0.00;0.00;0.00;0.00;1.00;;;;;
White;Mila;3024531;1.00;0.00;0.00;0.00;0.00;0.00;1.00;0.00;0.00;0.00;;;;;
Harris;Aria;3024532;1.00;0.00;0.00;0.00;0.00;0.00;1.00;0.00;0.00;0.00;;;;;
Sanchez;Aiden;3024533;1.00;1.00;0.00;0.00;0.00;1.00;1.00;0.00;0.00;0.00;;;;;
Wilson;Sarah;3024534;1.00;0.00;1.00;1.00;0.00;0.00;1.00;1.00;0.00;1.00;;;;;
Ramirez;Dylan;3024535;1.00;0.00;0.00;0.00;0.00;0.00;1.00;0.00;0.00;0.00;;;;;
Lewis;Aria;3024536;0.00;1.00;0.00;1.00;1.00;1.00;0.00;1.00;1.00;0.00;;;;;
Robinson;Aiden;3024537;0.00;1.00;1.00;0.00;1.00;1.00;0.00;0.00;1.00;1.00;;;;;
Walker;Joseph;3024538;0.00;0.00;1.00;0.00;1.00;0.00;0.00;0.00;1.00;1.00;;;;;
Wilson;Leilani;3024539;1.00;1.00;1.00;1.00;1.00;1.00;1.00;1.00;1.00;1.00;;;;;
Allen;Paisley;3024541;1.00;1.00;1.00;0.00;0.00;1.00;1.00;0.00;0.00;1.00;;;;;
King;Daniel;3024542;0.00;0.00;1.00;0.00;0.00;0.00;0.00;0.00;0.00;1.00;;;;;
Wilson;Madelyn;3024543;0.00;0.00;1.00;0.00;0.00;0.00;0.00;0.00;0.00;1.00;;;;;
Scott;Michael;3024544;1.00;0.00;0.00;0.00;0.00;0.00;1.00;0.00;0.00;0.00;;;;;
Torres;Ethan;3024545;0.00;0.00;0.00;1.00;1.00;0.00;0.00;1.00;1.00;0.00;;;;;
Wilson;Madelyn;3024546;1.00;1.00;0.00;0.00;1.00;1.00;1.00;0.00;1.00;0.00;;;;;
Hill;Abigail;3024547;1.00;0.00;0.00;0.00;0.00;0.00;1.00;0.00;0.00;0.00;;;;;
Flores;Samuel;3024548;1.00;1.00;1.00;1.00;0.00;1.00;1.00;1.00;0.00;1.00;;;;;
Green;Emery;3024549;1.00;1.00;1.00;1.00;0.00;1.00;1.00;1.00;0.00;1.00;;;;;
Adams;Cora;3024550;1.00;0.00;0.00;0.00;0.00;0.00;1.00;0.00;0.00;0.00;;;;;
Nelson;Clara;3024551;1.00;1.00;0.00;1.00;0.00;1.00;1.00;1.00;0.00;0.00;;;;;
Baker;Iris;3024552;0.00;0.00;0.00;0.00;0.00;0.00;0.00;0.00;0.00;0.00;;;;;
Hall;Asher;3024553;1.00;0.00;1.00;0.00;0.00;0.00;1.00;0.00;0.00;1.00;;;;;
Rivera;John;3024554;0.00;0.00;1.00;0.00;1.00;0.00;0.00;0.00;1.00;1.00;;;;;
Campbell;Hudson;3024555;0.00;1.00;1.00;0.00;0.00;1.00;0.00;0.00;0.00;1.00;;;;;
Mitchell;Isabel;3024556;0.00;1.00;1.00;0.00;0.00;1.00;0.00;0.00;0.00;1.00;;;;;
Carter;Melody;3024558;0.00;0.00;1.00;0.00;0.00;0.00;0.00;0.00;0.00;1.00;;;;;
Roberts;Natalie;3024559;1.00;1.00;0.00;0.00;0.00;1.00;1.00;0.00;0.00;0.00;;;;;
Gomez;Matthew;3024560;0.00;0.00;0.00;1.00;0.00;0.00;0.00;1.00;0.00;0.00;;;;;
Phillips;Luke;3024561;0.00;0.00;0.00;1.00;0.00;0.00;0.00;1.00;0.00;0.00;;;;;
Evans;Caleb;3024562;0.00;0.00;0.00;0.00;1.00;0.00;0.00;0.00;1.00;0.00;;;;;
Turner;Thomas;3024563;1.00;0.00;0.00;0.00;0.00;0.00;1.00;0.00;0.00;0.00;;;;;
Diaz;Eloise;3024564;0.00;0.00;0.00;0.00;0.00;0.00;0.00;0.00;0.00;0.00;;;;;
Parker;Jacob;3024565;0.00;1.00;0.00;0.00;0.00;1.00;0.00;0.00;0.00;0.00;;;;;
Cruz;Autumn;3024566;0.00;1.00;0.00;0.00;0.00;1.00;0.00;0.00;0.00;0.00;;;;;
Edwards;Everly;3024567;1.00;1.00;0.00;0.00;0.00;1.00;1.00;0.00;0.00;0.00;;;;;
Collins;Audrey;3024568;0.00;0.00;0.00;0.00;0.00;0.00;0.00;0.00;0.00;0.00;;;;;
Reyes;Mason;3024569;1.00;1.00;0.00;0.00;0.00;1.00;1.00;0.00;0.00;0.00;;;;;
Stewart;Gabriel;3024570;0.00;1.00;0.00;0.00;0.00;1.00;0.00;0.00;0.00;0.00;;;;;
Morris;Clara;3024571;0.00;1.00;0.00;0.00;0.00;1.00;0.00;0.00;0.00;0.00;;;;;
Morales;Eloise;3024572;1.00;1.00;0.00;0.00;0.00;1.00;1.00;0.00;0.00;0.00;;;;;
Murphy;Maverick;3024573;0.00;0.00;0.00;0.00;0.00;0.00;0.00;0.00;0.00;0.00;;;;;
Cook;Wyatt;3024598;1.00;1.00;0.00;0.00;0.00;1.00;1.00;0.00;0.00;0.00;;;;;