Last name;First name;ID;CA 1;CA 2;Project;Exercises;Exam;Sum;Grade
Smith;Liam;3024498;3.57;0.00;16.00;0.00;7.70;27.27;F
Wilson;Noah;3024512;3.57;13.12;16.00;12.00;30.10;74.80;B+
Williams;Oliver;3024513;3.57;2.81;16.00;3.00;7.00;32.38;F
Brown;Sophia;3024514;0.00;5.62;16.00;6.00;13.30;40.92;D
Jones;Olivia;3024515;0.00;1.88;14.00;3.00;3.50;22.38;F
Miller;Penelope;3024516;10.00;10.31;14.00;12.00;23.10;69.41;B
Davis;Zoe;3024517;3.57;11.25;20.00;12.00;14.00;60.82;B-
Garcia;Mateo;3024518;0.00;1.88;14.00;3.00;6.30;25.18;F
Rodriguez;Luca;3024519;3.57;4.69;16.00;6.00;11.20;41.46;D
Wilson;Ava;3024520;1.43;1.88;14.00;3.00;1.40;21.70;F
Martinez;Eliana;3024521;3.57;4.69;14.00;6.00;15.40;43.66;D
Wilson;Lily;3024522;0.00;5.62;14.00;6.00;16.10;41.73;D
Taylor;Aria;3024523;4.29;2.81;14.00;3.00;4.20;28.30;F
Thomas;Aiden;3024524;3.57;3.75;14.00;6.00;8.40;35.72;F
Moore;Ezra;3024525;1.43;1.88;20.00;3.00;11.20;37.50;F
Jackson;Sebastian;3024526;1.43;3.75;20.00;6.00;8.40;39.58;F
Martin;Jack;3024527;1.43;1.88;20.00;3.00;7.00;33.30;F
Lee;Avery;3024528;4.29;7.50;14.00;9.00;14.00;48.79;D+
Perez;Lucy;3024529;5.00;8.44;14.00;9.00;14.70;51.14;C
Thompson;Abigail;3024530;1.43;1.88;14.00;3.00;7.00;27.30;F
White;Mila;3024531;1.43;1.88;18.00;3.00;1.40;25.70;F
Harris;Aria;3024532;1.43;1.88;18.00;3.00;7.00;31.30;F
Sanchez;Aiden;3024533;3.57;4.69;18.00;6.00;8.40;40.66;D
Wilson;Sarah;3024534;1.43;7.50;18.00;9.00;16.80;52.73;C
Ramirez;Dylan;3024535;1.43;1.88;18.00;3.00;4.20;28.50;F
Lewis;Aria;3024536;5.71;11.25;20.00;9.00;26.60;72.56;B+
Robinson;Aiden;3024537;7.14;9.38;20.00;9.00;16.10;61.62;B-
Walker;Joseph;3024538;3.57;6.56;16.00;6.00;11.90;44.03;D
Wilson;Leilani;3024539;8.57;15.00;16.00;15.00;28.00;82.57;A
Allen;Paisley;3024541;5.71;6.56;16.00;9.00;12.60;49.88;D+
King;Daniel;3024542;2.14;1.88;14.00;3.00;1.40;22.42;F
Wilson;Madelyn;3024543;1.43;1.88;14.00;3.00;7.00;27.30;F
Scott;Michael;3024544;1.43;1.88;14.00;3.00;6.30;26.60;F
Torres;Ethan;3024545;3.57;8.44;16.00;6.00;24.50;58.51;C+
Wilson;Madelyn;3024546;8.57;9.38;16.00;9.00;16.10;59.05;C+
Hill;Abigail;3024547;2.86;1.88;16.00;3.00;1.40;25.13;F
Flores;Samuel;3024548;11.43;10.31;12.00;12.00;21.00;66.74;B
Green;Emery;3024549;11.43;10.31;12.00;12.00;21.00;66.74;B
Adams;Cora;3024550;2.86;1.88;12.00;3.00;1.40;21.13;F
Nelson;Clara;3024551;10.00;8.44;12.00;9.00;19.60;59.04;C+
Baker;Iris;3024552;0.00;0.00;12.00;0.00;2.80;14.80;F
Hall;Asher;3024553;2.86;3.75;20.00;6.00;5.60;38.21;F
Rivera;John;3024554;3.57;6.56;20.00;6.00;15.40;51.53;C
Campbell;Hudson;3024555;3.57;4.69;20.00;6.00;5.60;39.86;F
Mitchell;Isabel;3024556;5.00;4.69;14.00;6.00;5.60;35.29;F
Carter;Melody;3024558;1.43;1.88;18.00;3.00;1.40;25.70;F
Roberts;Natalie;3024559;5.71;4.69;18.00;6.00;5.60;40.00;D
Gomez;Matthew;3024560;2.86;3.75;18.00;3.00;14.00;41.61;D
Phillips;Luke;3024561;2.86;3.75;18.00;3.00;14.00;41.61;D
Evans;Caleb;3024562;3.57;4.69;18.00;3.00;14.00;43.26;D
Turner;Thomas;3024563;1.43;1.88;16.00;3.00;7.00;29.30;F
Diaz;Eloise;3024564;0.00;0.00;16.00;0.00;5.60;21.60;F
Parker;Jacob;3024565;3.57;2.81;18.00;3.00;7.00;34.38;F
Cruz;Autumn;3024566;2.14;2.81;18.00;3.00;4.20;30.16;F
Edwards;Everly;3024567;5.00;4.69;18.00;6.00;11.90;45.59;D+
Collins;Audrey;3024568;0.00;0.00;20.00;0.00;0.00;20.00;F
Reyes;Mason;3024569;5.00;4.69;20.00;6.00;11.20;46.89;D+
Stewart;Gabriel;3024570;2.14;2.81;14.00;3.00;7.00;28.96;F
Morris;Clara;3024571;3.57;2.81;14.00;3.00;4.20;27.58;F
Morales;Eloise;3024572;5.00;4.69;14.00;6.00;5.60;35.29;F
Murphy;Maverick;3024573;0.00;0.00;14.00;0.00;6.30;20.30;F
Cook;Wyatt;3024598;5.00;4.69;14.00;6.00;5.60;35.29;F
