Last name;First name;ID;CA 1 Total marks;CA 1 Percentage achieved;CA 1 Percentage normalized to 15%;CA 2 Total marks;CA 2 Percentage achieved;CA 2 Percentage normalized to 15%;Exercises Total marks;Exercises Percentage achieved;Exercises Percentage normalized to 15%;Project Group;Project Total marks;Project Percentage achieved;Project Percentage normalized to 15%;Final Exam Total marks;Final Exam Percentage achieved;Final Exam Percentage normalized to 40%;Total percentage;Overall grade
Smith;Liam;3024498;5.00;23.81;3.57;0.00;0.00;0.00;0.00;0.00;0.00;1;8.00;80.00;12.00;11.00;22.00;8.80;24.37;F
Wilson;Noah;3024512;5.00;23.81;3.57;14.00;87.50;13.12;8.00;80.00;12.00;1;8.00;80.00;12.00;43.00;86.00;34.40;75.10;A-
Williams;Oliver;3024513;5.00;23.81;3.57;3.00;18.75;2.81;2.00;20.00;3.00;1;8.00;80.00;12.00;10.00;20.00;8.00;29.38;F
Brown;Sophia;3024514;0.00;0.00;0.00;6.00;37.50;5.62;4.00;40.00;6.00;1;8.00;80.00;12.00;19.00;38.00;15.20;38.83;F
Jones;Olivia;3024515;0.00;0.00;0.00;2.00;12.50;1.88;2.00;20.00;3.00;2;7.00;70.00;10.50;5.00;10.00;4.00;19.38;F
Miller;Penelope;3024516;14.00;66.67;10.00;11.00;68.75;10.31;8.00;80.00;12.00;2;7.00;70.00;10.50;33.00;66.00;26.40;69.21;B
Davis;Zoe;3024517;5.00;23.81;3.57;12.00;75.00;11.25;8.00;80.00;12.00;5;10.00;100.00;15.00;20.00;40.00;16.00;57.82;C+
Garcia;Mateo;3024518;0.00;0.00;0.00;2.00;12.50;1.88;2.00;20.00;3.00;2;7.00;70.00;10.50;9.00;18.00;7.20;22.57;F
Rodriguez;Luca;3024519;5.00;23.81;3.57;5.00;31.25;4.69;4.00;40.00;6.00;1;8.00;80.00;12.00;16.00;32.00;12.80;39.06;F
Wilson;Ava;3024520;2.00;9.52;1.43;2.00;12.50;1.88;2.00;20.00;3.00;2;7.00;70.00;10.50;2.00;4.00;1.60;18.40;F
Martinez;Eliana;3024521;5.00;23.81;3.57;5.00;31.25;4.69;4.00;40.00;6.00;2;7.00;70.00;10.50;22.00;44.00;17.60;42.36;D
Wilson;Lily;3024522;0.00;0.00;0.00;6.00;37.50;5.62;4.00;40.00;6.00;2;7.00;70.00;10.50;23.00;46.00;18.40;40.53;D
Taylor;Aria;3024523;6.00;28.57;4.29;3.00;18.75;2.81;2.00;20.00;3.00;3;7.00;70.00;10.50;6.00;12.00;4.80;25.40;F
Thomas;Aiden;3024524;5.00;23.81;3.57;4.00;25.00;3.75;4.00;40.00;6.00;3;7.00;70.00;10.50;12.00;24.00;9.60;33.42;F
Moore;Ezra;3024525;2.00;9.52;1.43;2.00;12.50;1.88;2.00;20.00;3.00;5;10.00;100.00;15.00;16.00;32.00;12.80;34.10;F
Jackson;Sebastian;3024526;2.00;9.52;1.43;4.00;25.00;3.75;4.00;40.00;6.00;5;10.00;100.00;15.00;12.00;24.00;9.60;35.78;F
Martin;Jack;3024527;2.00;9.52;1.43;2.00;12.50;1.88;2.00;20.00;3.00;5;10.00;100.00;15.00;10.00;20.00;8.00;29.30;F
Lee;Avery;3024528;6.00;28.57;4.29;8.00;50.00;7.50;6.00;60.00;9.00;3;7.00;70.00;10.50;20.00;40.00;16.00;47.29;D+
Perez;Lucy;3024529;7.00;33.33;5.00;9.00;56.25;8.44;6.00;60.00;9.00;3;7.00;70.00;10.50;21.00;42.00;16.80;49.74;D+
Thompson;Abigail;3024530;2.00;9.52;1.43;2.00;12.50;1.88;2.00;20.00;3.00;3;7.00;70.00;10.50;10.00;20.00;8.00;24.80;F
White;Mila;3024531;2.00;9.52;1.43;2.00;12.50;1.88;2.00;20.00;3.00;4;9.00;90.00;13.50;2.00;4.00;1.60;21.40;F
Harris;Aria;3024532;2.00;9.52;1.43;2.00;12.50;1.88;2.00;20.00;3.00;4;9.00;90.00;13.50;10.00;20.00;8.00;27.80;F
Sanchez;Aiden;3024533;5.00;23.81;3.57;5.00;31.25;4.69;4.00;40.00;6.00;4;9.00;90.00;13.50;12.00;24.00;9.60;37.36;F
Wilson;Sarah;3024534;2.00;9.52;1.43;8.00;50.00;7.50;6.00;60.00;9.00;4;9.00;90.00;13.50;24.00;48.00;19.20;50.63;C
Ramirez;Dylan;3024535;2.00;9.52;1.43;2.00;12.50;1.88;2.00;20.00;3.00;4;9.00;90.00;13.50;6.00;12.00;4.80;24.60;F
Lewis;Aria;3024536;8.00;38.10;5.71;12.00;75.00;11.25;6.00;60.00;9.00;5;10.00;100.00;15.00;38.00;76.00;30.40;71.36;B+
Robinson;Aiden;3024537;10.00;47.62;7.14;10.00;62.50;9.38;6.00;60.00;9.00;5;10.00;100.00;15.00;23.00;46.00;18.40;58.92;C+
Walker;Joseph;3024538;5.00;23.81;3.57;7.00;43.75;6.56;4.00;40.00;6.00;6;8.00;80.00;12.00;17.00;34.00;13.60;41.73;D
Wilson;Leilani;3024539;12.00;57.14;8.57;16.00;100.00;15.00;10.00;100.00;15.00;6;8.00;80.00;12.00;40.00;80.00;32.00;82.57;A
Allen;Paisley;3024541;8.00;38.10;5.71;7.00;43.75;6.56;6.00;60.00;9.00;6;8.00;80.00;12.00;18.00;36.00;14.40;47.68;D+
King;Daniel;3024542;3.00;14.29;2.14;2.00;12.50;1.88;2.00;20.00;3.00;10;7.00;70.00;10.50;2.00;4.00;1.60;19.12;F
Wilson;Madelyn;3024543;2.00;9.52;1.43;2.00;12.50;1.88;2.00;20.00;3.00;10;7.00;70.00;10.50;10.00;20.00;8.00;24.80;F
Scott;Michael;3024544;2.00;9.52;1.43;2.00;12.50;1.88;2.00;20.00;3.00;10;7.00;70.00;10.50;9.00;18.00;7.20;24.00;F
Torres;Ethan;3024545;5.00;23.81;3.57;9.00;56.25;8.44;4.00;40.00;6.00;12;8.00;80.00;12.00;35.00;70.00;28.00;58.01;C+
Wilson;Madelyn;3024546;12.00;57.14;8.57;10.00;62.50;9.38;6.00;60.00;9.00;12;8.00;80.00;12.00;23.00;46.00;18.40;57.35;C+
Hill;Abigail;3024547;4.00;19.05;2.86;2.00;12.50;1.88;2.00;20.00;3.00;6;8.00;80.00;12.00;2.00;4.00;1.60;21.33;F
Flores;Samuel;3024548;16.00;76.19;11.43;11.00;68.75;10.31;8.00;80.00;12.00;7;6.00;60.00;9.00;30.00;60.00;24.00;66.74;B
Green;Emery;3024549;16.00;76.19;11.43;11.00;68.75;10.31;8.00;80.00;12.00;7;6.00;60.00;9.00;30.00;60.00;24.00;66.74;B
Adams;Cora;3024550;4.00;19.05;2.86;2.00;12.50;1.88;2.00;20.00;3.00;7;6.00;60.00;9.00;2.00;4.00;1.60;18.33;F
Nelson;Clara;3024551;14.00;66.67;10.00;9.00;56.25;8.44;6.00;60.00;9.00;7;6.00;60.00;9.00;28.00;56.00;22.40;58.84;C+
Baker;Iris;3024552;0.00;0.00;0.00;0.00;0.00;0.00;0.00;0.00;0.00;7;6.00;60.00;9.00;4.00;8.00;3.20;12.20;F
Hall;Asher;3024553;4.00;19.05;2.86;4.00;25.00;3.75;4.00;40.00;6.00;8;10.00;100.00;15.00;8.00;16.00;6.40;34.01;F
Rivera;John;3024554;5.00;23.81;3.57;7.00;43.75;6.56;4.00;40.00;6.00;8;10.00;100.00;15.00;22.00;44.00;17.60;48.73;D+
Campbell;Hudson;3024555;5.00;23.81;3.57;5.00;31.25;4.69;4.00;40.00;6.00;8;10.00;100.00;15.00;8.00;16.00;6.40;35.66;F
Mitchell;Isabel;3024556;7.00;33.33;5.00;5.00;31.25;4.69;4.00;40.00;6.00;10;7.00;70.00;10.50;8.00;16.00;6.40;32.59;F
Carter;Melody;3024558;2.00;9.52;1.43;2.00;12.50;1.88;2.00;20.00;3.00;11;9.00;90.00;13.50;2.00;4.00;1.60;21.40;F
Roberts;Natalie;3024559;8.00;38.10;5.71;5.00;31.25;4.69;4.00;40.00;6.00;11;9.00;90.00;13.50;8.00;16.00;6.40;36.30;F
Gomez;Matthew;3024560;4.00;19.05;2.86;4.00;25.00;3.75;2.00;20.00;3.00;11;9.00;90.00;13.50;20.00;40.00;16.00;39.11;F
Phillips;Luke;3024561;4.00;19.05;2.86;4.00;25.00;3.75;2.00;20.00;3.00;11;9.00;90.00;13.50;20.00;40.00;16.00;39.11;F
Evans;Caleb;3024562;5.00;23.81;3.57;5.00;31.25;4.69;2.00;20.00;3.00;11;9.00;90.00;13.50;20.00;40.00;16.00;40.76;D
Turner;Thomas;3024563;2.00;9.52;1.43;2.00;12.50;1.88;2.00;20.00;3.00;12;8.00;80.00;12.00;10.00;20.00;8.00;26.30;F
Diaz;Eloise;3024564;0.00;0.00;0.00;0.00;0.00;0.00;0.00;0.00;0.00;12;8.00;80.00;12.00;8.00;16.00;6.40;18.40;F
Parker;Jacob;3024565;5.00;23.81;3.57;3.00;18.75;2.81;2.00;20.00;3.00;13;9.00;90.00;13.50;10.00;20.00;8.00;30.88;F
Cruz;Autumn;3024566;3.00;14.29;2.14;3.00;18.75;2.81;2.00;20.00;3.00;13;9.00;90.00;13.50;6.00;12.00;4.80;26.26;F
Edwards;Everly;3024567;7.00;33.33;5.00;5.00;31.25;4.69;4.00;40.00;6.00;13;9.00;90.00;13.50;17.00;34.00;13.60;42.79;D
Collins;Audrey;3024568;0.00;0.00;0.00;0.00;0.00;0.00;0.00;0.00;0.00;8;10.00;100.00;15.00;0.00;0.00;0.00;15.00;F
Reyes;Mason;3024569;7.00;33.33;5.00;5.00;31.25;4.69;4.00;40.00;6.00;8;10.00;100.00;15.00;16.00;32.00;12.80;43.49;D
Stewart;Gabriel;3024570;3.00;14.29;2.14;3.00;18.75;2.81;2.00;20.00;3.00;9;7.00;70.00;10.50;10.00;20.00;8.00;26.46;F
Morris;Clara;3024571;5.00;23.81;3.57;3.00;18.75;2.81;2.00;20.00;3.00;9;7.00;70.00;10.50;6.00;12.00;4.80;24.68;F
Morales;Eloise;3024572;7.00;33.33;5.00;5.00;31.25;4.69;4.00;40.00;6.00;9;7.00;70.00;10.50;8.00;16.00;6.40;32.59;F
Murphy;Maverick;3024573;0.00;0.00;0.00;0.00;0.00;0.00;0.00;0.00;0.00;9;7.00;70.00;10.50;9.00;18.00;7.20;17.70;F
Cook;Wyatt;3024598;7.00;33.33;5.00;5.00;31.25;4.69;4.00;40.00;6.00;10;7.00;70.00;10.50;8.00;16.00;6.40;32.59;F
