Last name;First name;ID;Q. 1 /2.00;Q. 2 /3.00;Q. 3 /2.00;Q. 4 /4.00;Q. 5 /5.00;Q. 6 /3.00;Q. 7 /4.00;Q. 8 /5.00;Q. 9 /4.00;Q. 10 /4.00;Q. 11 /5.00;Q. 12 /4.00;Q. 13 /5.00
Smith;Liam;3024498;0.00;0.00;0.00;0.00;0.00;3.00;4.00;0.00;0.00;4.00;0.00;0.00;0.00
Wilson;Noah;3024512;2.00;3.00;0.00;4.00;5.00;3.00;4.00;5.00;4.00;4.00;5.00;4.00;0.00
Williams;Oliver;3024513;0.00;3.00;0.00;0.00;0.00;3.00;0.00;0.00;0.00;0.00;0.00;4.00;0.00
Brown;Sophia;3024514;2.00;0.00;0.00;4.00;0.00;0.00;4.00;5.00;4.00;0.00;0.00;0.00;0.00
Jones;Olivia;3024515;0.00;0.00;2.00;0.00;0.00;3.00;0.00;0.00;0.00;0.00;0.00;0.00;0.00
Miller;Penelope;3024516;2.00;3.00;2.00;4.00;0.00;0.00;4.00;5.00;4.00;0.00;5.00;4.00;0.00
Davis;Zoe;3024517;2.00;3.00;2.00;0.00;5.00;3.00;0.00;5.00;0.00;0.00;0.00;0.00;0.00
Garcia;Mateo;3024518;2.00;0.00;0.00;0.00;0.00;3.00;0.00;0.00;4.00;0.00;0.00;0.00;0.00
Rodriguez;Luca;3024519;2.00;3.00;0.00;0.00;0.00;3.00;0.00;0.00;0.00;4.00;0.00;4.00;0.00
Wilson;Ava;3024520;0.00;0.00;2.00;0.00;0.00;0.00;0.00;0.00;0.00;0.00;0.00;0.00;0.00
Martinez;Eliana;3024521;0.00;3.00;2.00;0.00;0.00;3.00;0.00;5.00;4.00;0.00;5.00;0.00;0.00
Wilson;Lily;3024522;0.00;0.00;2.00;4.00;0.00;0.00;4.00;5.00;4.00;4.00;0.00;0.00;0.00
Taylor;Aria;3024523;0.00;3.00;0.00;0.00;0.00;3.00;0.00;0.00;0.00;0.00;0.00;0.00;0.00
Thomas;Aiden;3024524;2.00;0.00;2.00;0.00;0.00;0.00;4.00;0.00;0.00;4.00;0.00;0.00;0.00
Moore;Ezra;3024525;0.00;0.00;2.00;0.00;0.00;0.00;0.00;5.00;0.00;4.00;5.00;0.00;0.00
Jackson;Sebastian;3024526;2.00;0.00;2.00;0.00;0.00;0.00;4.00;0.00;0.00;4.00;0.00;0.00;0.00
Martin;Jack;3024527;2.00;0.00;0.00;0.00;0.00;3.00;0.00;5.00;0.00;0.00;0.00;0.00;0.00
Lee;Avery;3024528;2.00;0.00;2.00;4.00;0.00;0.00;4.00;0.00;4.00;4.00;0.00;0.00;0.00
Perez;Lucy;3024529;2.00;3.00;0.00;4.00;0.00;0.00;4.00;0.00;4.00;0.00;0.00;4.00;0.00
Thompson;Abigail;3024530;0.00;0.00;2.00;0.00;0.00;0.00;0.00;0.00;4.00;0.00;0.00;4.00;0.00
White;Mila;3024531;2.00;0.00;0.00;0.00;0.00;0.00;0.00;0.00;0.00;0.00;0.00;0.00;0.00
Harris;Aria;3024532;2.00;0.00;0.00;0.00;0.00;0.00;0.00;0.00;4.00;4.00;0.00;0.00;0.00
Sanchez;Aiden;3024533;2.00;3.00;0.00;0.00;0.00;3.00;0.00;0.00;4.00;0.00;0.00;0.00;0.00
Wilson;Sarah;3024534;2.00;0.00;2.00;4.00;0.00;0.00;4.00;0.00;4.00;4.00;0.00;4.00;0.00
Ramirez;Dylan;3024535;2.00;0.00;0.00;0.00;0.00;0.00;0.00;0.00;0.00;4.00;0.00;0.00;0.00
Lewis;Aria;3024536;0.00;3.00;0.00;4.00;5.00;0.00;4.00;5.00;4.00;4.00;0.00;4.00;5.00
Robinson;Aiden;3024537;0.00;3.00;2.00;0.00;5.00;3.00;0.00;5.00;0.00;0.00;5.00;0.00;0.00
Walker;Joseph;3024538;0.00;0.00;2.00;0.00;5.00;0.00;0.00;5.00;0.00;0.00;0.00;0.00;5.00
Wilson;Leilani;3024539;2.00;3.00;2.00;4.00;5.00;3.00;4.00;5.00;4.00;4.00;0.00;4.00;0.00
Allen;Paisley;3024541;2.00;3.00;2.00;0.00;0.00;3.00;4.00;0.00;0.00;4.00;0.00;0.00;0.00
King;Daniel;3024542;0.00;0.00;2.00;0.00;0.00;0.00;0.00;0.00;0.00;0.00;0.00;0.00;0.00
Wilson;Madelyn;3024543;0.00;0.00;2.00;0.00;0.00;0.00;0.00;0.00;4.00;0.00;0.00;4.00;0.00
Scott;Michael;3024544;2.00;0.00;0.00;0.00;0.00;3.00;0.00;0.00;0.00;4.00;0.00;0.00;0.00
Torres;Ethan;3024545;0.00;0.00;0.00;4.00;5.00;0.00;4.00;5.00;4.00;4.00;0.00;4.00;5.00
Wilson;Madelyn;3024546;2.00;3.00;0.00;0.00;5.00;3.00;0.00;5.00;0.00;0.00;5.00;0.00;0.00
Hill;Abigail;3024547;2.00;0.00;0.00;0.00;0.00;0.00;0.00;0.00;0.00;0.00;0.00;0.00;0.00
Flores;Samuel;3024548;2.00;3.00;2.00;4.00;0.00;3.00;4.00;0.00;4.00;4.00;0.00;4.00;0.00
Green;Emery;3024549;2.00;3.00;2.00;4.00;0.00;3.00;4.00;0.00;4.00;4.00;0.00;4.00;0.00
Adams;Cora;3024550;2.00;0.00;0.00;0.00;0.00;0.00;0.00;0.00;0.00;0.00;0.00;0.00;0.00
Nelson;Clara;3024551;2.00;3.00;0.00;4.00;0.00;3.00;4.00;0.00;4.00;4.00;0.00;4.00;0.00
Baker;Iris;3024552;0.00;0.00;0.00;0.00;0.00;0.00;0.00;0.00;0.00;0.00;0.00;4.00;0.00
Hall;Asher;3024553;2.00;0.00;2.00;0.00;0.00;0.00;0.00;0.00;0.00;4.00;0.00;0.00;0.00
Rivera;John;3024554;0.00;0.00;2.00;0.00;5.00;0.00;0.00;5.00;0.00;0.00;5.00;0.00;5.00
Campbell;Hudson;3024555;0.00;3.00;2.00;0.00;0.00;3.00;0.00;0.00;0.00;0.00;0.00;0.00;0.00
Mitchell;Isabel;3024556;0.00;3.00;2.00;0.00;0.00;3.00;0.00;0.00;0.00;0.00;0.00;0.00;0.00
Carter;Melody;3024558;0.00;0.00;2.00;0.00;0.00;0.00;0.00;0.00;0.00;0.00;0.00;0.00;0.00
Roberts;Natalie;3024559;2.00;3.00;0.00;0.00;0.00;3.00;0.00;0.00;0.00;0.00;0.00;0.00;0.00
Gomez;Matthew;3024560;0.00;0.00;0.00;4.00;0.00;0.00;4.00;0.00;4.00;4.00;0.00;4.00;0.00
Phillips;Luke;3024561;0.00;0.00;0.00;4.00;0.00;0.00;4.00;0.00;4.00;4.00;0.00;4.00;0.00
Evans;Caleb;3024562;0.00;0.00;0.00;0.00;5.00;0.00;0.00;5.00;0.00;0.00;5.00;0.00;5.00
Turner;Thomas;3024563;2.00;0.00;0.00;0.00;0.00;0.00;4.00;0.00;0.00;4.00;0.00;0.00;0.00
Diaz;Eloise;3024564;0.00;0.00;0.00;0.00;0.00;0.00;4.00;0.00;0.00;4.00;0.00;0.00;0.00
Parker;Jacob;3024565;0.00;3.00;0.00;0.00;0.00;3.00;0.00;0.00;0.00;0.00;0.00;4.00;0.00
Cruz;Autumn;3024566;0.00;3.00;0.00;0.00;0.00;3.00;0.00;0.00;0.00;0.00;0.00;0.00;0.00
Edwards;Everly;3024567;2.00;3.00;0.00;0.00;0.00;3.00;0.00;0.00;0.00;4.00;5.00;0.00;0.00
Collins;Audrey;3024568;0.00;0.00;0.00;0.00;0.00;0.00;0.00;0.00;0.00;0.00;0.00;0.00;0.00
Reyes;Mason;3024569;2.00;3.00;0.00;0.00;0.00;3.00;0.00;0.00;0.00;4.00;0.00;4.00;0.00
Stewart;Gabriel;3024570;0.00;3.00;0.00;0.00;0.00;3.00;0.00;0.00;0.00;0.00;0.00;4.00;0.00
Morris;Clara;3024571;0.00;3.00;0.00;0.00;0.00;3.00;0.00;0.00;0.00;0.00;0.00;0.00;0.00
Morales;Eloise;3024572;2.00;3.00;0.00;0.00;0.00;3.00;0.00;0.00;0.00;0.00;0.00;0.00;0.00
Murphy;Maverick;3024573;0.00;0.00;0.00;0.00;0.00;0.00;0.00;0.00;0.00;0.00;5.00;4.00;0.00
Cook;Wyatt;3024598;2.00;3.00;0.00;0.00;0.00;3.00;0.00;0.00;0.00;0.00;0.00;0.00;0.00